<?xml version="1.0" encoding="UTF-8"?>
<!DOCTYPE suite SYSTEM "http://testng.org/testng-1.0.dtd">
<suite name="BrowserSuite" parallel="tests">
  
  <test thread-count="5" name="CrossBrowserTest1">

  <classes>
  
   <parameter name="browser" value="chrome">

   <class name="com.mindtree.kalinga.TicketsHere.Test.Sanity.PriceDetails"/>

   
  
  </parameter>
  </classes>
  </test> 
 

  

 


  
  <!-- <test thread-count="5" name="CrossBrowserTest2">

  <classes>
  
   <parameter name="browser" value="chrome">

   <class name="com.mindtree.kalinga.TicketsHere.Test.Sanity.Payment"/>

   <class name="com.mindtree.kalinga.TicketsHere.Test.Sanity.Payment"/>

  
  </parameter>
  </classes>
  </test> 

<test thread-count="5" name="CrossBrowserTest3">
  <classes>
  
   <parameter name="browser" value="chrome">
   <class name="com.mindtree.kalinga.TicketsHere.Test.Sanity.Passes"/>
  
  </parameter>
  </classes>
  </test> -->

   
  
</suite>