<?xml version="1.0" encoding="UTF-8"?>
<!DOCTYPE suite SYSTEM "http://testng.org/testng-1.0.dtd">
<suite name="Suite" parallel="tests">
  <test thread-count="5" name="CrossBrowserTest1">
  <classes>
  
   <parameter name="browser" value="chrome">
   <class name="com.mindtree.kalinga.TicketsHere.helper.TestHelper"/>
  </parameter>
  </classes>
  </test>
   <test thread-count="5" name="CrossBrowserTest2">
  <classes>
  
   <parameter name="browser" value="firefox">
  <class name="com.mindtree.kalinga.TicketsHere.helper.TestHelper"/>
  </parameter>
  </classes>
  
  </test> 
     <test thread-count="5" name="CrossBrowserTest3">
  <classes>
  
   <parameter name="browser" value="ie">
  <class name="com.mindtree.kalinga.TicketsHere.helper.TestHelper"/>
  </parameter>
  </classes>
  
  </test> 
</suite>

